<?xml version="1.0" encoding="UTF-8"?>
<!DOCTYPE mapper PUBLIC "-//mybatis.org//DTD Mapper 3.0//EN" "http://mybatis.org/dtd/mybatis-3-mapper.dtd">
<mapper namespace="xyz.yangkai.spring.demo.mapper.DemoMapper">

    <!--<insert id="save" parameterType="Users">-->
        <!--insert into users-->
        <!--(`username`, `password`,`is_del`)-->
        <!--values-->
        <!--(-->
        <!--#{username},#{password},${isDel}-->
        <!--)-->
    <!--</insert>-->

    <!--&lt;!&ndash;<select id="getUserById" resultType="Users">&ndash;&gt;-->
        <!--&lt;!&ndash;select `id`, `username` as username, `password` as password,&ndash;&gt;-->
        <!--&lt;!&ndash;`is_del` as isDel&ndash;&gt;-->
        <!--&lt;!&ndash;from users&ndash;&gt;-->
        <!--&lt;!&ndash;where `id`=#{id}&ndash;&gt;-->
    <!--&lt;!&ndash;</select>&ndash;&gt;-->

    <!--&lt;!&ndash;<update id="updateUserById" parameterType="Users">&ndash;&gt;-->
        <!--&lt;!&ndash;update users&ndash;&gt;-->
        <!--&lt;!&ndash;<trim prefix="set" suffixOverrides=",">&ndash;&gt;-->
            <!--&lt;!&ndash;<if test="username !=null and username !='' ">&ndash;&gt;-->
                <!--&lt;!&ndash;`username`=#{username},&ndash;&gt;-->
            <!--&lt;!&ndash;</if>&ndash;&gt;-->
            <!--&lt;!&ndash;<if test="password !=null and password !='' ">&ndash;&gt;-->
                <!--&lt;!&ndash;`password`=#{password},&ndash;&gt;-->
            <!--&lt;!&ndash;</if>&ndash;&gt;-->
            <!--&lt;!&ndash;<if test="password !=null and password !='' ">&ndash;&gt;-->
                <!--&lt;!&ndash;`is_del`=#{isDel},&ndash;&gt;-->
            <!--&lt;!&ndash;</if>&ndash;&gt;-->
        <!--&lt;!&ndash;</trim>&ndash;&gt;-->
        <!--&lt;!&ndash;where `id`=#{id}&ndash;&gt;-->
    <!--&lt;!&ndash;</update>&ndash;&gt;-->

    <!--&lt;!&ndash;<select id="getUserList" resultType="Users">&ndash;&gt;-->
        <!--&lt;!&ndash;select `id`, `username` as username, `password` as password,&ndash;&gt;-->
        <!--&lt;!&ndash;`is_del` as isDel&ndash;&gt;-->
        <!--&lt;!&ndash;from users&ndash;&gt;-->
    <!--&lt;!&ndash;</select>&ndash;&gt;-->

    <!--<select id="getUserByUsernameAndPassword" parameterType="Users" resultType="Users">-->
        <!--select `id`, `username` as username, `password` as password,-->
        <!--`is_del` as isDel-->
        <!--from users-->
        <!--where `username`=#{username}-->
    <!--</select>-->

    <!--<insert id="savePpk" parameterType="Ppk">-->
        <!--insert into key-->
        <!--(`public_key`,`private_key`)-->
        <!--values-->
        <!--(-->
        <!--#{public_key},#{private_key}-->
        <!--)-->
    <!--</insert>-->

    <!--&lt;!&ndash;<select id="getByPublicKey" parameterType="String" resultType="Integer">&ndash;&gt;-->
        <!--&lt;!&ndash;select `id` as id&ndash;&gt;-->
        <!--&lt;!&ndash;from&ndash;&gt;-->
        <!--&lt;!&ndash;`key`&ndash;&gt;-->
        <!--&lt;!&ndash;where `public_key`=#{public_key}&ndash;&gt;-->
    <!--&lt;!&ndash;</select>&ndash;&gt;-->

    <!--&lt;!&ndash;<select id="getPrivateKeyByPublicKey" parameterType="String" resultType="String">&ndash;&gt;-->
        <!--&lt;!&ndash;select `private_key` as private_key&ndash;&gt;-->
        <!--&lt;!&ndash;from&ndash;&gt;-->
        <!--&lt;!&ndash;`key`&ndash;&gt;-->
        <!--&lt;!&ndash;where `public_key`=#{public_key}&ndash;&gt;-->
    <!--&lt;!&ndash;</select>&ndash;&gt;-->

    <!--<select id="getPrivateKeyByVersion" parameterType="Integer" resultType="Ppk">-->
        <!--select `private_key` as private_key,`public_key` as public_key,`id` as id,`version` as version-->
        <!--from-->
        <!--`key`-->
        <!--where `version`=#{version}-->
    <!--</select>-->

    <!--<select id="getPublicPrivateKey" resultType="Ppk">-->
        <!--select `public_key` as public_key,`private_key` as private_key,`version` as version,`id` as id-->
        <!--from-->
        <!--`key`-->
        <!--order by `id` desc limit 1-->
    <!--</select>-->

    <!--<select id="getVersion" resultType="Integer">-->
        <!--select `version` as version-->
        <!--from-->
        <!--`key`-->
        <!--order by `version` desc limit 1-->
    <!--</select>-->

    <!--<select id="getUserByUserName" parameterType="String" resultType="Integer">-->
        <!--select count(id)-->
        <!--from-->
        <!--`users`-->
        <!--where  `usersname`=#{username}-->
    <!--</select>-->

    <!--<update id="saveSession" parameterType="Session">-->
        <!--insert into `session` (`user_id`,`session_id`)-->
        <!--values (#{user_id},#{session_id})-->
        <!--on duplicate key update-->
        <!--`session_id`=#{session_id}-->
    <!--</update>-->

    <!--<select id="getUserBySessionId" parameterType="String" resultType="Users">-->
        <!--select `id`, `username` as username, `password` as password,-->
        <!--`is_del` as isDel-->
        <!--from `users` inner join `session` on `session_id`=#{session_id}-->
        <!--where `users`.`id`=`session`.`user_id`-->
    <!--</select>-->

    <!--<delete id="deleteSession" parameterType="String">-->
        <!--delete from `session`-->
        <!--where `session_id`=#{session_id}-->
    <!--</delete>-->
</mapper>