<?xml version="1.0" encoding="UTF-8"?>
<!DOCTYPE mapper PUBLIC "-//mybatis.org//DTD Mapper 3.0//EN" "http://mybatis.org/dtd/mybatis-3-mapper.dtd">
<mapper namespace="xyz.yangkai.spring.demo.mapper.OrdersMapper">
    <!--<insert id="save" parameterType="Orders">-->
        <!--insert into orders-->
        <!--(`money`, `goods`,`users_id`)-->
        <!--values-->
        <!--(-->
        <!--#{money},#{goods},#{users_id}-->
        <!--)-->
    <!--</insert>-->
    <!--<select id="getOrderById" resultType="Orders">-->
        <!--select `id` as id,`money` as money,`goods` as goods,`users_id` as users_id-->
        <!--from-->
        <!--`orders`-->
        <!--where `id`=#{id}-->
    <!--</select>-->
    <!--<delete id="deleteOrderById" parameterType="Orders">-->
        <!--delete-->
        <!--from-->
        <!--`orders`-->
        <!--where `id`=#{id}-->
    <!--</delete>-->

    <!--<update id="updateOrderById" parameterType="Orders">-->
        <!--update-->
        <!--`orders`-->
        <!--<trim prefix="set" suffixOverrides=",">-->
            <!--`money`=#{money},-->
            <!--`goods`=#{goods},-->
            <!--`users_id`=#{users_id}-->
        <!--</trim>-->
        <!--where `id`=#{id}-->
    <!--</update>-->

    <!--<select id="getOrders" resultType="Orders">-->
        <!--select `id`,`money`,`goods`,`users_id`-->
        <!--from-->
        <!--`orders`-->
    <!--</select>-->

    <!--&lt;!&ndash;根据用户名查找订单&ndash;&gt;-->
    <!--<select id="getOrdersByUserName" resultType="Orders">-->
        <!--select `id`,`money`,`goods`,`users_id`-->
        <!--from-->
        <!--`orders`-->
        <!--where `orders`.`users_id`=(select `id` from users where username=#{username})-->
    <!--</select>-->
</mapper>